Observation,StateDate,Meal
1,14-Sep-94,"Declined a final meal request, instead buying a cheeseburger from the vending machine plus a V8 juice, pork skins and a Yahoo drink."
2, 9 December 1997,"No special last meal and refused a meal that included tacos, beans, a tossed salad and apple crisp."
3, 8 February 2006,"Broiled crawfish, crackers, salad with lettuce, tomatoes, onion and French dressing, malt, Neapolitan ice cream."
4, 5 June 2006,"Did not request a final meal, but had cheese crackers, nacho cheese Bugles, a ham-and-cheese sandwich and a Dr. Pepper from vending machines."
5, 31 May 2000,None.
6, 31 March 2004,"Vending machine meal of meatball sub sandwich, a double pork chop sandwich and a Philly cheesesteak sandwich, with an orange soda and orange juice."
7, 31 March 1994,"Fried fish, french fries and iced tea."
8, 31 July 2008,No final meal request.
9, 31 July 1986,"Turkey sandwich with tomatoes and mayonnaise, potato salad and cake."
10, 31 January 2006,"Fried chicken, french fries, onion soup and a roll."
11, 31 January 2002,"Fried chicken, fried okra, a biscuit and a root beer."
12, 31 August 2006,No final meal request but had two fried egg sandwiches for breakfast.
13, 31 August 2006,Two corn dogs with ketchup and mustard and a Coke.
14, 31 August 2001,"Cheeseburger, fries, coffee with milk."
15, 31 August 1995,"Hot and spicy chicken breast, two slices of sausage pizza with extra cheese, a slice of German chocolate cake, a pint of French vanilla ice cream and a Dr. Pepper."
16, 30 September 2004,"Black-eyed peas, pepper steak and an orange-flavored drink. "
17, 30 November 2001,"A fish fillet sandwich, french fries and a lemon-lime soft drink."
18, 30 May 2002,Had no final meal request.
19, 30 March 2010,No final meal request.
20, 30 January 2007,"Two eggs over medium, four pieces of bacon, fried green tomatoes, sliced red tomatoes, four slices of pineapple with mayonnaise, white bread, a banana, and a medium-sized V-8."
21, 30 January 2002,"Requested shrimp, but it wasn’t available in the prison kitchen. Ate vending machine snacks."
22, 30 January 2001,"Fried catfish, potato logs, cole slaw, hush puppies, salad and water."
23, 30 January 1998,No meal at all.
24, 30 January 1996,"Supreme pizza, garden salad with ranch dressing, pickled okra, strawberry shortcake, cherry limeade."
25, 30 August 2000,"A double-cheeseburger with mayonnaise, a foot-long cheese Coney with mustard and extra onions, a cherry limeade and a banana shake."
26, 30 April 2009,"Barbecue potato chips, beef jerky, green onion dip and garlic dip, buttered popcorn, Pepsi (one of two executions this day)."
27, 30 April 2002,"Fried shrimp, garden salad, chocolate cake, grilled salmon (two of two executions this day)."
28, 3 December 1998,"Two large cheeseburgers, one small supreme pizza, fried green tomatoes, onion rings and fries, one quart of buttermilk, pecan pie."
29, 29 October 2008,"Large double cheeseburger with mustard, pickles, tomato, lettuce and onion, jalapeno peppers, large Coke with ice, raisin pie."
30, 29 May 2001,"Cheeseburger with lettuce, tomato, onions, and mayonnaise, french fries with ketchup, peach cobbler, and tea with sweetener and ice."
31, 29 March 2006,"Large supreme pizza, banana pudding with meringue topping, root beer, peanut M&Ms."
32, 29 June 2000,"Fried chicken, rice with gravy, pinto beans, turnip greens, hot rolls, milk (one of two executions this day)."
33, 29 January 2009,"Caesar salad, seedless grapes, crackers, breadsticks, coffee (two of two executions this day). "
34, 29 January 2002,"Beef tacos, spanish rice, refried beans, cheese enchilada, sliced avocado, corn tostado chips, onion and jalapeño pepper, Coke."
35, 29 January 2002,"Crab cakes with tartar sauce and cocktail sauce, fried potatoes, asparagus, rolls and butter, apple pie."
36, 29 August 2007,"Chef salad with Ranch dressing, double meat cheese burger (all the way), french fries, ketchup, chocolate shake."
37, 29 August 2006,"2 lbs. shrimp – deep fried, french fries (without peelings) and ketchup, Dr. Pepper and banana pudding (one of three  executions this date)."
38, 29 April 2009,"8 oz. hickory smoked sausage (beef), 8 oz. cracker barrel cheese mild or sharp (Kraft), a Wendy’s dbl cheeseburger with pickles, onions, lettuce & mayo, French fries, ketchup, a Kosher dill pickle, an onion, Coke classic & Breyers viennetta ice cream/cake combo (two of three  executions this date)."
39, 29 April 1999,"Porterhouse steak (rare), extra sharp cheese, salad with blue cheese dressing, and root beer (three of three  executions this date)."
40, 29 April 1998,"Sirloin steak, french fries, fruit salad, Pepsi, ketchup (one of two executions on this date)."
41, 28 September 2011,"Barbecue pork spare ribs, french fries, small box of Velveeta cheese, artichokes (2), coke (1 large bottle), chocolate cake, vanilla ice cream, light bread and ketchup, (4 fries), Miracle Whip (two of two executions this date)."
42, 28 September 2005,"Fresh chef’s salad with ranch dressing, mashed potatoes with butter, porterhouse steak (medium well), 4-1 steak sauce, Worcestershire sauce, lemon meringue pie, 1 quart buttermilk."
43, 28 October 2008,No final meal request.
44, 28 May 2004,"Bacon, lettuce and tomato sandwich."
45, 28 March 2001,Requested that final meal not be revealed to the public.
46, 28 June 2006,"One piece of fried chicken, one BLT sandwich, two enchiladas, ketchup, cinnamon roll and iced tea."
47, 28 January 2009,Ice water.
48, 28 August 2007,"2 guacamole tostadas, 2 tacos, 1 strawberry malt, 1 Dr. Pepper, 1 lemon meringue pie, 5 jalapenos, 1 lemon, 1 lime, 1 quart strawberry ice cream."
49, 28 August 2001,"2 eggs (over easy), 4 slices of bacon, coffee, 1 pint vanilla ice cream, 1 can of peaches, strawberry jam."
50, 28 April 1999,"Ate all of the special meal of two cheeseburgers with lettuce and mayonnaise and french fries with ketchup, and drank one Dr. Pepper and one Mountain Dew."
51, 27 September 2010,"3 fried eggs (sunny side up), 4 slices bacon, hash brown potatoes, 2 slices whole wheat toast, butter, 2 serving size boxes of Raisin Bran cereal, 2 cartons milk, 2 cups of Taster's Choice coffee."
52, 27 September 2005,"Green Chili burros, burritos with barbecued steak, French fries and ketchup, vanilla ice cream, cream soda, cigarette."
53, 27 September 2000,"Six fried eggs, cooked over-easy, 16 strips of bacon, one large portion of hash-browns, one pint of pineapple sherbet ice cream, one “breakfast steak” well done, one 16-ounce cup filled with ice, one 7-Up, 1 Dr. Pepper, 1 Coke, one portion of hot sauce, one cup of coffee, two packets of sugar and four Rolaid tablets."
54, 27 October 2011,"3 cheeseburgers, chili, French fries, milkshake, pickles."
55, 27 October 2009,"New York steak cooked medium rare, Worcestershire sauce, 2 eggs, 8 strips bacon, 2 slices bread toasted w/butter, 1⁄2 pint peppermint ice cream, 16 ounces apple juice."
56, 27 October 1999,"New York steak (cooked rare), 1 1⁄2 cups of sliced mushrooms, 2 eggs, 10 strips of bacon, 2 slices wheat toast w/butter, 3 tablespoons strawberry preserves, 8 ounces milk, 8 ounces apple juice, 32 ounce chocolate milkshake."
57, 27 May 2010,"6 Fried eggs (over easy), 4 strips of bacon (chewy), 2 slices of white bread toast (buttered),1 cup of real coffee 2 Classic Cokes (over ice)."
58, 27 May 2008,No final meal request.
59, 27 May 1994,"Two BLT cheeseburgers, two jalapeño cheeseburgers, fried okra, french fries with ketchup and mustard, brownies, chocolate and vanilla ice cream, and three root beers. "
60, 27 March 2001,Coke Classic and Camel.
61, 27 March 2001,"3 chicken breasts (fried), fresh lettuce, cucumber salad with light vinegar salad dressing on the side, and ice water."
62, 27 June 2006,No final meal request.
63, 27 January 2006,"2 bacon, lettuce and tomato sandwiches with cheese and mayonnaise (sic), 3 deep-fried chicken breasts, French fries with ketchup, pitcher of strawberry milkshake."
64, 27 January 2000,"10 ounce steak, peas, rolls with butter, 1 baked potato with shredded Cheddar cheese, strawberry pie with whipped cream, large chocolate malt."
65, 27 February 2007,"Porter House Steak (medium rare), 2 lbs of large shrimp and sauce, A-1 steak sauce, baked potato with sour cream, cole slaw, banana cream pie, rice pudding with raisins, 2 dinner rolls with butter, and a strawberry milkshake."
66, 27 April 2010,"3 Grilled Pork Chops with gravy, 1/4 lb. bacon, 6 fried breaded shrimp, beef Rice-a-Roni, 2-3 slices French Bread with butter, applesauce, 2 cans Canada Dry Ginger Ale with ice, 1 slice coconut cream pie, 1 pint orange juice, 1 can chicken noodle soup with crackers, 1 can pear halves with syrup, Maxwell House Coffee with cream and sugar."
67, 27 April 2006,"Several fried eggs, several strips of bacon, toast, butter, honey and orange juice."
68, 27 April 2000,"Had a last meal of buffalo steak, a bucket of KFC white-meat-only chicken, sugar-free pecan pie, sugar-free black walnut ice cream, Indian pan-fried bread and whole milk  (ice cream was left out one hour to thaw, and turned into a milkshake by hand)."
69, 26 October 2010, Ate only oatmeal.
70, 26 June 2007,No final meal request.
71, 26 June 2007,"Chicken leg quarters, french fries, American cheese, orange drink, coffee and chocolate pudding."
72, 26 June 2007,"Tea, broth, Gatorade."
73, 26 June 2006,"Alaskan King crab with butter, spinach salad, pork fried rice, Mandarin-style spare ribs, hot fudge sundae, a six-pack of Coca Cola."
74, 26 Jun 2001,"Fried pork chops, baked potato with butter, asparagus, salad with bleu cheese dressing, apple pie, whole milk."
75, 26 July 2007,"2 orders onion rings, 1 cheeseburger, bacon cheeseburger, 1 grilled chicken sandwich, and 1 medium cherry limeade. "
76, 26 July 2000,"Fish, asparagus, pie, Coca Cola."
77, 26 January 2012,"Well-done T-bone steak, rice, four rolls with butter and German chocolate cake."
78, 26 April 2006,Vanilla and chocolate ice cream.
79, 25 September 2008,"Fried catfish, white beans, hush puppies, Cole slaw, French fries, sweetened ice tea, and pecan pie."
80, 25 October 2006,"Steak, medium-well with A-1 sauce, salad with ranch dressing, cheddar cheese and bacon bits, baked potato with sour cream, two slices of apple pie, three large rolls, two cokes and one cup of coffee (steak is not an option in  prisons, ground beef served instead)."
81, 25 October 2006,"1 filet mignon steak (well done), 2 medium raw onions, sliced, 2 tomatoes, sliced, 6 rolls, 6 slices cheese, 1 banana, 2 7-up’s."
82, 25 October 2006,"Steak (medium rare), crab cake, corn on the cob, French fries, bread and butter, Pepsi."
83, 25 October 2001,"Requested two salami sandwiches on white bread, one peanut butter and jelly sandwich and coffee."
84, 25 May 2010,Large pepperoni pizza with sausage and extra mushrooms and a large grape soda. 
85, 25 May 2000,"Ordered peanut butter and banana cookies from the canteen with an ice tea, then added a chicken sandwich and substituted fruit punch. He finished the entire last meal."
86, 25 May 1999,"Jumbo fried shrimp, French fries, cole slaw, ketchup, lemonade, cheesecake."
87, 25 March 1999,"Fried chicken, banana split ice cream and some water (meal consumed using only the single spoon allowed by the state)."
88, 25 June 2008,No final meal request.
89, 25 June 1997,Not allowed a special meal. Declined the standard prison fare.
90, 25 June 1990,"Two dozen jumbo fried shrimp with tarter sauce and ketchup, two large orders of fried onion rings and french fries, one raw regular onion, six pieces of garlic bread, two cold 32 oz. Cokes, two 32 oz. strawberry milkshakes (same as his June 2006 final meal)."
91, 25 January 2011,"Bacon cheeseburger with jalapenos, french fries, two slices of apple pie with vanilla ice cream and sweetened iced tea."
92, 25 January 2006,"Hamburger, cup of coffee."
93, 25 January 2000,"New York steak, fried shrimp, French fries, green beans, steak sauce, Coca Cola, Heavenly Hash ice cream."
94, 25 January 1996,"T-bone steak, fried shrimp, fried potatoes, onion rings, fried tomatoes, ketchup, soy sauce, Heavenly Hash ice cream, Coca Cola."
95, 25 August 2000,"Fried chicken, French fries, corn on the cob, jalapeno peppers, mint chocolate chip ice cream and cherry limeade."
96, 25 April 2001,"Bbq turkey legs and bbq brisket, a bowl of cheddar cheese and avocados."
97, 24 October 2006,"Vanilla ice cream, Coke, 1 quart whole milk, BBQ chicken, BBQ beef, French fries, salad, Spanish rice, rolls, Pepsi, cherry vanilla ice cream, butter pecan ice cream, mango, banana pudding."
98, 24 October 2001,"Declined a special dinner and was served chili with rice, peas, a salad and chocolate cake."
99, 24 November 1999,Served fried chicken and watermelon (one of two executions on this date: age 15).
100, 24 May 2007,"Two chicken-fried steaks, one pound of barbecued meat, a triple-patty bacon cheeseburger, a meat-lover's pizza, three fajitas, an omelet, a bowl of okra, one pint of Blue Bell Ice Cream, some peanut-butter fudge with crushed peanuts and three root beers (after inmate didn’t eat any of this meal,  ends final meal request option)."
101, 24 May 2006,Requested that final meal not be revealed to the public.
102, 24 May 2000,"Two fried chicken breast, two pork chops, seven flour tortillas, avocados and french fries."
103, 24 July 2008 ,"Fried fish and shrimp, a baked potato, salad, boiled corn, ice cream, cheesecake and soda."
104, 24 July 2007,"From food available in the prison cafeteria, chose a turkey bologna sandwich with tomatoes and cheese, french fries, and an orange drink. Later, from a vending machine, got a Reese’s Cup, pretzels, and grape Sunkist drink."
105, 24 July 1991,"Italian dinner with spaghetti, meatball, ravioli, sausage, garlic bread and salad, strawberry cheesecake, and 7-Up."
106, 24 January 2002,"Did not make a final meal request, and was given the regular prison fare of baked fish, peas, cole slaw, carrots, cheese grits, bun, fruit juice and chocolate cake."
107, 24 January 2000,"Catfish, French fries, plums, grapes, strawberry shortcake, and Sprite Soda."
108, 24 January 1992,"Steak, baked potato, corn, salad, milkshake, ice cream."
109, 24 February 2000,"Beef fajita, blooming onion, fried chicken (white meat), jalapeno peppers, Caesar salad, bleu cheese dressing, bread rolls with butter, vanilla ice cream, 3 bananas, 1 Coke and a pot of coffee."
110, 24 February 1999,Made no last meal request.
111, 24 February 1998,"1 small pizza, 1 fried chicken breast, 1 slice of apple pie with ice cream, 2 soft drinks."
112, 24 August 2006,"Three whoppers with cheese, 2 extra crispy chicken breasts, large French fry, 2 slices whole wheat bread, 2 soft drinks, and a slice of navy bean pie."
113, 24 August 1993,"Bucket of KFC chicken, eight additional drumsticks and a chocolate milkshake."
114, 24 April 2007,"Fried Channel catfish, coleslaw, hushpuppies, French fries, catsup, tartar sauce, hot sauce, vanilla pudding, and sweet tea or coke."
115, 23 September 2010,"Strawberries, grapes, peaches, plums, and vanilla malt."
116, 23 September 2008,"Quart of strawberries, 2 bacon, lettuce and tomato sandwiches, a glass of milk."
117, 23 May 2007,Requested lasagna for last meal.
118, 23 May 2000,"Chose the prison's ""daily special"" of hot dogs, sauerkraut, baked beans, veggie sticks with ranch dressing, and gelatin with fruit--although the prison chef did add strawberry ice cream as a special treat."
119, 23 July 2008,"Prime rib, lobster, 2 pints of black walnut ice cream, rolls, 1/2 gallon milk, 2 liter bottle of Coca Cola."
120, 23 July 1947,No final meal request.
121, 23 July 1947,"Three pieces of fried chicken, spaghetti with meat sauce, potato salad, cherry pie with strawberry ice cream and a cola."
122, 23 January 2001,"Western omelet, fried potatoes, sliced tomato, pan sausage, 3 biscuits, white gravy, pitcher of vanilla milkshake, half a cantaloupe"
123, 23 January 1997,1 bag of assorted Jolly Ranchers.
124, 23 February 2000,"Prime rib with a ""loaded"" baked potato, pork chops with steak fries, two salads with ranch dressing and rolls. "
125, 23 February 2000,Pizza and birthday cake shared with 15 family members and friends. A prison official said “He told us he never had a birthday cake so we ordered a birthday cake for him.”
126, 23 February 1996,"Salmon, scalloped potatoes, peas, tossed salad, cake."
127, 23 August 2007,"Steak, fried chicken breast, baked potato, salad, garlic bread, a pint of butter pecan ice cream, half of a pecan pie and soda."
128, 23 August 2000,German ravioli and chicken dumplings prepared by his mother and prison dietary staff.
129, 23 August 1927,"Fried chicken legs and thighs, sirloin steak, corn on the cob, banana pudding, peach cobbler, chocolate chip ice cream, grape soda and milk."
130, 23 August 1927,"Ground beef pizza, french fries and apple pie."
131, 23 August 1927,Request to eat from a vending machine with family members.
132, 23 April 2004,Cheesecake.
133, 23 April 1997,"Fried sac-a-lait fish, topped with crawfish etouffee, a peanut butter and apple jelly sandwich and chocolate chip cookies."
134, 22 September 2011,"Boiled crawfish, crawfish stew, toasted French bread, garden salad with Italian dressing, banana nut oatmeal cookies, and whole milk with chocolate syrup."
135, 22 September 2009,"Snickers candy bars, Baby Ruth candy bars, Hershey candy bars, Chocolate ice cream, coconut pie, lemon pie, Cokes."
136, 22 September 2005,"Steak, mashed potatoes, green beans, collard greens, corn bread, banana pudding, cherry cheesecake, apple cobbler and sweet ice tea."
137, 22 October 2001,"Hot dogs, a garden salad with french dressing and orange juice."
138, 22 November 1995,"2 large pepperoni and sausage pizzas, 3 pints of coffee ice cream, 3 six-packs of Coca Cola."
139, 22 May 2001,"Grouper, French fries, chef salad with tomato, blue cheese dressing, Coca Cola, Boston cream pie."
140, 22 March 2006,"Lobster tail, apple pie, vanilla ice cream and 7UP."
141, 22 June 2007,"1/2 cup turkey/chicken salad, 1/2 cup macaroni salad, 1/2 cup coleslaw, 3 slices of bread, 1 cookie, 1 cup of tea."
142, 22 July 2004,None.
143, 22 July 2003,"Seven beef-and-cheese enchiladas, pico de gallo, two cheeseburgers, fries and two pieces of fried chicken."
144, 22 July 1999,"Fried perch, potato salad, Cole slaw, peaches."
145, 22 January 2009,"Had the regular prison fare of a chicken patty, potatoes and gravy, green beans, marble cake, milk, and fruit punch."
146, 22 January 2009,Ate nothing.
147, 22 January 1992,"Final meal request of fried okra, four buns with lots of butter, lots of salt (lots) and two slices of banana bread."
148, 22 February 2011,"Two fried-chicken breasts, turkey sausage, fried rice, prison-made chocolate-chip cookies and Coca-Cola."
149, 22 February 2007,"Sausage and pepperoni pizza, lasagna, garlic bread, a chef’s salad, New-York-style cheesecake, a strawberry shake and Dr. Pepper."
150, 22 August 2007,"Medium-rare steak cooked with onion and garlic; a baked potato with cream cheese, bacon bits and chives; salad with bleu cheese dressing; Brussels sprouts with jalapeno cheese sauce; apple pie and a 1-liter Pepsi."
151, 22 August 2000,"12 ounce New York strip steak, 1 order of jumbo shrimp, 1 slice of cheesecake."
152, 22 August 1996,"Steak, French fries, salad with Thousand Island dressing."
153, 22 April 2010,"Steak (well done with steak sauce), baked potato with butter and sour cream, rolls and butter, peas, vanilla ice cream."
154, 22 April 1998,"Steak, shrimp, fried mushrooms, fried cheese sticks, grape juice, butter pecan ice cream."
155, 21 September 2011,"Scrambled eggs, toast, milk and coffee."
156, 21 September 2011,No final meal request.
157, 21 October 2010,"Fried chicken breast, white rice, garlic toast, peach cobbler and a Coca-Cola."
158, 21 October 2008,"2 Reuben corn beef sandwiches, French fries."
159, 21 October 1998,"2 orders of butterfly shrimp, 2 orders of French fries, apple pie, chocolate cake, soda."
160, 21 November 2008,"Smothered chicken & rice, pinto beans with salt pork, corn, homemade rolls, pecan pie, pitcher of root beer."
161, 21 June 2007,"Two double cheeseburgers, two large servings of French fries, a half a gallon of vanilla fudge ripple ice cream, and two bottles of Dr. Pepper."
162, 21 June 2000,"Two chicken-fried steaks with white gravy, French fries, 4 pieces of white bread, peaches, two Cokes."
163, 21 July 2010,"Tenderloin, French fries, tossed salad with dressing, orange sherbet, and milk."
164, 21 January 2009,One apple. 
165, 21 January 1998,"Pizza, garlic bread, lettuce salad, Catalina dressing, strawberry cheesecake, coffee, and tea."
166, 21 January 1998,Shrimp and ice cream.
167, 21 August 2009,"Chocolate birthday cake with ""2/23/90"" written on top; 7 pink candles; 1 coconut; kiwi fruit juice, pineapple juice; 1 mango; grapes; lettuce; cottage cheese; peaches; 1 banana; 1 apple; chef salad without meat & with thousand island dressing; fruit salad; cheese; tomato slices."
168, 21 August 2007,"Grilled cheeseburger with onion, pickle and tomatoes, French fries, 3 slices of cheese, pepperoni pizza, 3 pints of vanilla, chocolate and chocolate chip ice cream, 20 ounce Coke, 20 ounce Pepsi, and fruit including an apple, banana and orange. Smoked a lot of cigarettes prior to execution."
169, 21 April 2006,A pack of Pall Malls.
170, 21 April 1992,"Ribeye steak, cooked medium rare with A-1 sauce on the side, hot barbecued chicken wings and onion rings with ketchup, fried mushrooms with marinara sauce, a chef salad with ranch dressing, pecan pie with vanilla ice cream and two types of soda pop."
171, 20 September 2007,Large super supreme pizza and a two-liter bottle of Coke.
172, 20 September 2006,"Sirloin steak, spicy worcestershire sauce, a bacon cheeseburger w/ten slices of bacon, onion rings and fries w/cheese, french dressing, a butterfinger blizzard w/carmel, pecan pie, vanilla ice cream and peach cobbler."
173, 20 October 2011,"Chef salad with Italian dressing, BBQ beef or pork, hot fudge sundae."
174, 20 October 2009,"Fried chicken, mashed potatoes and gravy, corn on the cob, biscuits, Dr Pepper and an apple pie."
175, 20 November 2008,"T-bone steak (well done), tossed salad with French dressing, French fries,  toast, ice tea."
176, 20 November 1997,"Fried chicken, onion rings, French fries, two bowls of peach cobbler, two milk shakes and two glasses of orange juice."
177, 20 May 2010,None.
178, 20 May 2010,"Lasagna, chili-cheese fries, garlic bread, moose-tracks ice cream, chocolate cake, caramel candy, beef jerky, cashews, almonds and root beer."
179, 20 May 2009,No “special meal” request. 
180, 20 June 2007,"Spaghetti with tomato sauce but no meat, salad, chocolate cake and coffee with cream and sugar."
181, 20 July 2010,"A large chef salad with ham, turkey and bacon bits, bleu cheese and ranch dressing, barbecue baby back ribs, two cans of cashews and two bottles of iced tea."
182, 20 July 2006,Fasted until sundown then served a vegetarian meal and several cups of coffee.
183, 20 July 2000,"A porterhouse steak, fried shrimp, barbecued chicken and ribs, a large salad, potato wedges, onion rings, sweet potato pie, chocolate ice cream and Hawaiian Punch to drink."
184, 20 January 2006,"Normal prison dinner of chicken a la king, mashed potatoes and lima beans."
185, 20 January 2000,Requested that final meal not be revealed to the public.
186, 20 January 1999,"Porterhouse steak, pork chops and jumbo fried shrimp."
187, 20 February 2009,"Steak, onion rings with ketchup, a double bacon cheeseburger with french fries, cake, ice cream, potato chips and a two-liter bottle of orange soda. It was reported that he finished most of the meal, but did not touch the steak."
188, 20 August 1998,"After fasting from sunrise to sunset, had a meal of whole and chopped dates and hot tea with lemon and honey. Requested and received olive oil to groom his beard and a ""miswak"" stick (in Islamic tradition, dates are consumed after a fast, and “miswak” for cleaning teeth)."
189, 20 April 2010,"Cheese pizza, onion rings, fried mushrooms, chips with French onion dip, cherry pie, blueberry ice cream and a Dr. Pepper."
190, 20 April 1999,"2 Red Chili Beef burritos, 2 cans Coke Classic, 1 slice cherry pie."
191, 19 October 1999,Last meal menu confidential upon request.
192, 19 October 1995,"Two eggs sunny-side up, fried potatoes, two pieces of fried bologna, four pieces of wheat bread, two pieces of wheat toast with butter, four slices of tomato, a side of lettuce and mayonnaise, two Three Musketeers candy bars and two packages of Reese's Peanut Butter Cups."
193, 19 November 2008,"Well-done porter house steak with steak sauce, a baked potato with sour cream and bacon bits, salad with lettuce, cucumbers, tomatoes, radishes, green peppers, carrots and French dressing, corn on the cob with butter, grapes, macaroni and cheese, dinner rolls and Cool Ranch Doritos with a jar of salsa, strawberry ice cream and strawberry cheesecake—both with real strawberries, a 2-liter of Dr. Pepper with ice and one tea bag."
194, 19 November 1997,Last meal included chicken patties. 
195, 19 May 2010,"T-bone steak with A1 sauce, french fries and onion rings, four eggs over easy, hash browns, buttered toast, bear claw pastries, a pint of Rocky Road ice cream and Mountain Dew."
196, 19 May 2010,"2 baloney and cheese sandwiches with mayonnaise on white bread, orange drink."
197, 19 May 2009,"2 Bacon, lettuce and tomato sandwiches on white bread, Mayonnaise, 4 fried eggs (over-easy), Medium portion of hash-brown potatoes, 2 breakfast rolls, small portion of strawberry jelly, One half pint of pineapple sherbet ice cream, one 22 ounces of hot coffee (black), one medium slice of German chocolate cake with coconut-caramel icing, one 12 ounce cup of cold milk."
198, 19 July 2006,"Cheeseburger with lettuce, tomato, bacon, onion rings, and ketchup."
199, 19 July 1990,"Three t-bone steaks cooked medium rare, two breaded chicken breasts with a side of ranch dressing, chocolate ice cream and Mountain Dew."
200, 19 July 1990,"Ate all of the ""special meal"" of pork chops, gravy, hash browns, biscuits and Pepsi, but saved the cherry pie for breakfast. Awoke at 4:47 a.m., and ate a regular prison breakfast of two hard boiled eggs, Cream of Wheat, grapefruit, toast and orange juice, and the left-over pie."
201, 19 February 2009,Jumbo shrimp; a T-bone steak with A-1 steak sauce; fried chicken wings; french fries; dinner rolls; cherry pie; and Pepsi.
202, 19 February 2002,"Four bacon cheeseburgers on toasted buns, with green peppers, tomatoes, pickles, ketchup, mustard and mayonnaise; a baked potato with butter and sour cream; french fries; onion rings; macaroni and cheese; chef salad with creamy Italian dressing; blueberry pie with chocolate ice cream; iced tea; and a Coke."
203, 19 February 1999,No final meal request.
204, 19 December 2010,God’s word.
205, 19 December 2000,No final meal request because he remained hopeful to the end that he would not be executed.
206, 19 August 2009,"Fish sandwich, fries, Pepsi."
207, 19 August 2004,"Steak (rare), salad, grape pop."
208, 19 August 1997,"Fried fish fillets with red cocktail sauce from Long John Silver's, but abstained from any  side dishes. "
209, 19 April 2000,"A deep dish meat lover’s pizza, deep fried jumbo shrimp and two hush puppies with vinegar sauce. "
210, 19 April 1996,A large pepperoni and Italian sausage pizza and a large Dr. Pepper from Pizza Hut.
211, 19 April 1995,"Spaghetti, salad, strawberry shortcake, pop. "
212, 18 September 2001,"A medium stuffed-crust pizza from Pizza Hut with mushrooms, bell peppers, black olives and jalapenos, a Dr Pepper, coconut cream pie, and a chocolate shake."
213, 18 September 1996,"Sirloin steak, a baked potato, onion rings, a tossed salad and a Coke."
214, 18 October 2006,"Cheeseburger, chili-cheese french fries and a chocolate shake from Chili's restaurant. "
215, 18 October 2006,"T-bone steak, french fries and a large salad."
216, 18 October 2001,"Twenty-four hot bbq chicken wings, two cheeseburgers with everything, four slices of pizza with jalapenos, three slices of buttered toast, one sweet potato pie, sherbert rainbow ice cream and twelve Dr. Pepper/ Big Red."
217, 18 November 2009,Egg and cheese omelette and fresh sliced tomatoes.
218, 18 November 1999,Requested that final meal not be revealed to the public.
219, 18 March 2010,"Porterhouse steak with A-1 sauce, a pound of jumbo fried shrimp with cocktail sauce, french fries and onion rings with ketchup, dinner rolls and butter, two plums, a mango, a pound of seedless white grapes, German chocolate cake, two bottles of Pepsi and two bottles of A&W cream soda."
220, 18 March 2004,"Combination barbecue platter, with chicken, chopped brisket, ribs and hot links, barbecue sauce, a large order baked beans and extra bread."
221, 18 March 2004,Requested seafood. 
222, 18 March 1998,No final meal request.
223, 18 June 1990 ,"Kentucky Fried Chicken (original recipe), potato wedges, baked beans, cole slaw, an apple turnover and a dinner roll."
224, 18 January 2001,"Chicken dinner, potato wedges, apple pie and a Pepsi from Kentucky Fried Chicken."
225, 18 January 2001,"Fish, hushpuppies, chips, French fries, dip & sauce, strawberry malt, strawberry shortcake with whipped cream, and 7-Up."
226, 18 January 2000,"One chicken, two cans of olives, grapes, and one palmagranite."
227, 18 August 2011,"A second final meal request of fried catfish, fried green tomatoes, fried eggplant, hush puppies and sweet tea. (same meal in January when U.S. Supreme Court stopped the execution at the last minute)."
228, 18 August 2009,"Sirloin steak, butterfly shrimp, French fries, corn, rolls, coffee, chocolate shake."
229, 18 August 2006,"1 vanilla malt, 2 large hamburgers, 1 large cheeseburger, 2 orders of fries, 16 ounce Dr. Pepper."
230, 18 April 2002,Had no final meal request.
231, 17 September 2008,"Filet mignon (medium well) with mushrooms, shellfish, baked potato, sour cream, brussel sprouts, salad with Italian dressing, corn on the cob, pistachio ice cream, cannoli."
232, 17 October 1998,"1 chicken taco salad, 1 Mexican pizza, Encharitos, 2 soft tacos, 1order Cinnamon Twists, 1 piece pecan pie, 2 cans of Coca-Cola."
233, 17 November 2009,"2 fried eggs, 4 ounces of Pace hot sauce, 4 strips of bacon, 12 ounce sirloin steak, 10 ounces of French fries, 3 ounces ketchup, 1 pint vanilla ice cream, 1 pint milk, 1 cup hot coffee."
234, 17 November 1999,"Shrimp, fish, oysters, tarter sauce, 32 ounce cream soda, 1 strawberry cheese cake."
235, 17 May 2006,"8 pieces of chicken, hot rolls, and 2 Diet Cokes."
236, 17 March 2006,"2 16 oz. Ribeyes, 1 lb. turkey breast, 12 bacon strips, 2 hamburgers with mayo, onion & lettuce, 2 large baked potatoes, butter, sour cream, cheese, & chives, 4 slices of cheese or 1/2 lb. of grated cheddar cheese, chef salad, blue cheese dressing, 2 corn on the cob, 1 pt. mint chocolate chip ice cream, 4 vanilla Cokes or Mr. Pibb (served ground beef instead of steak)."
237, 17 June 2010,"2 chicken patties with Swiss cheese, stuffed baked potato with jalapeno peppers, sour cream, milk."
238, 17 July 2004,"Chicken fried steak, baked potato stuffed with ground meat, cheese, jalapenos, large order of french fries, ketchup, 10 Cheese sticks, pitcher of grape juice, cheesecake with cherry topping."
239, 17 July 2001,"13 ounce box Cocoa Pebbles, 1/2 gallon milk, 3 glazed donuts with chocolate icing, 3 glazed donuts with maple icing, 1 Big Mac, 1 large order of fries with ketchup, 1 Oreo McFlurry, 1 quarter pounder with cheese."
240, 17 January 2007,"Fried chicken, potatoes with onions, sweet potato pie, hot rolls, and Coke."
241, 17 January 2006,"8 pieces of KFC chicken, 4 biscuits, 1 pint of Braum's frozen custard."
242, 17 February 2011,"Lasagna, mashed potatoes with gravy, beets, green beans, fried okra, two pints of mint chocolate chip ice cream, a fruit pie, tea and lemonade."
243, 17 August 2010,"Fried shrimp, salad, German chocolate cake, ""Tin Roof Sundae"" ice cream, apple fritter, and strawberry drink."
244, 17 August 2006,"2 bacon cheeseburgers, onion rings, chocolate ice cream, root beer."
245, 17 August 1999,"3 fried eggs over easy, hash browns, several strips of bacon, toast, white bread, and orange juice."
246, 16 September 2009,"BBQ beef ribs, 6 dinner rolls, Cornish hen, hamburger with cheese, strawberry drink, and 7-Up."
247, 16 September 2008,"3 fried chicken thighs, 10-15 shrimp, Tater Tots with catsup, 2 slices of pecan pie, strawberry ice cream, honey and biscuits, and Coke."
248, 16 October 2008,"6 Tacos, 6 glazed donuts, and a Cherry Coke."
249, 16 November 2011,"2 green apples, 2 red apples, 4 soda pop (the largest), and any good fruit."
250, 16 May 2002,"5 fried eggs (Sunnyside-up), hash browns, bacon strips (crisp), stack of pancakes with syrup, hot coffee, milk, and cold orange juice."
251, 16 May 1997,"2 cheeseburgers, 2 fries, chocolate milk, and chocolate pudding."
252, 16 March 2010,"Steak with A-1 sauce, jalapeno poppers with cream sauce, onion rings, and a salad with cherry tomatoes, ham chunks, shredded cheese, bacon bits, and blue cheese and ranch dressing, lemon iced tea and coffee to drink and ice cream for dessert. "
253, 16 March 2000,Pizza and donuts.
254, 16 June 1999,"Selected the vegetarian entree from Greensville Correctional Center's menu: Boiled potatoes, fried cabbage, bean entree, bread pudding, sliced bread, fruit punch and milk."
255, 16 January 2001,No final meal request.
256, 16 February 2010,"Dozen tamales, six brownies, refried beans with chorizo, two rollo candies, six hard shell tacos with lettuce, three big red sodas, ketchup, hot sauce, six jalapeno peppers, tomatoes, cheese, and extra ground beef."
257, 16 February 2000,"Salted cashew nuts, instant french roast coffee, chocolate chip cookie dough, moose tracks ice cream and three Mr. Goodbar candy bars."
258, 16 February 1999,"3 Grilled cheese & fried egg sandwiches, macaroni & cheese (lots), pint of mint chocolate chip ice cream, 2 cans of Pepsi."
259, 16 February 1917,"Chef salad (any dressing except oil & vinegar), 2 bacon cheeseburgers all the way (cut the onions), deep fried home fries with chili powder on top, two scotch eggs (boiled and packed with sausage roll, battered & deep-fried & served with syrup), and pie."
260, 16 August 2001,"Steak, jumbo shrimp, broccoli with cheese, french fries, lemon meringue pie, and ice tea."
261, 16 August 2000,Requested that final meal not be revealed to the public.
262, 16 April 2009,Refused a final meal.
263, 16 April 2004,"Final meal request of a seafood plate of shrimp, fish, oysters, onion rings and hush puppies."
264, 15 November 2011,"No final meal request. Ate what was served to the other inmates: riblets on a bun, mixed vegetables, baked beans, white cake with white icing and iced tea."
265, 15 November 2011,Declined a meal to eat (requested a vegetarian pizza be given to a homeless person. Request denied. The public then sent a total of 170 pizzas to area shelters).
266, 15 November 2001,"Chicken wings, a fried chicken dinner, large wedges of potatoes, corn on the cob, biscuits and a chocolate shake. "
267, 15 November 2000,Declined a last meal.
268, 15 November 2000,No final meal request.
269, 15 March 2006,Not allowed a special meal. Declined the standard prison fare and ate nothing. 
270, 15 March 2000,"Sausage pizza, french fries and sweet tea."
271, 15 June 2010,"1 Broiled chicken, 9 corn tortillas, 2 tomatoes, 1 can of jalapenos, 2 cans of Pepsi, 1 plate of rice (4 oz)."
272, 15 June 2000,Fresh fruit and pizza.
273, 15 June 2000,"Fried, barbecued, and baked chicken, pizza, brownies, sweet iced tea, milk and vanilla pudding."
274, 15 January 2009,"Refused to request a meal and asked to have the same meal as the other inmates - a cheeseburger, slaw, baked beans, potatoes and cookies. "
275, 15 February 2011,"Enchiladas, fajitas and a cinnamon bun."
276, 15 February 2006,No final meal request.
277, 15 December 1999,"Three bacon, egg, cheese omelet, three chicken cheese enchiladas and 3 each of Pepsi, Coke and Dr. Pepper."
278, 15 August 2007,"Four eggs, four chicken drumsticks, salsa, four jalapeno peppers, lettuce, tortillas, hashbrowns, garlic bread, two pork chops, white and yellow grated cheese, sliced onions and tomatoes, a pitcher of milk and a vanilla shake."
279, 15 April 2009,"Pizza, oatmeal cookies, French fries and sweet tea."
280, 14 October 2010,Chicken fried steak with white gravy; french fries with white gravy; lots of salt & pepper; sweet ice tea
281, 14 October 2008,"Salad, onion rings, chili dogs, and sweet iced tea."
282, 14 October 2008,"Southern fried pork chops, Tabasco sauce, candied yams, black-eyed peas, string beans, pan fried hot water cornbread patties, peach cobbler, orange papaya juice."
283, 14 October 1998,Two BLTs; 1 bacon cheeseburger; French fries and ketchup; chocolate cake; 2 servings of milk; and 2 Mountain Dews.
284, 14 November 2002,"Five white meat pieces of deep fried chicken, ranch dressing, tater tots, deep fried mushrooms, two double cheeseburgers and French fries, six Mountain Dews, a pint of chocolate overload ice cream and pepper jack cheese."
285, 14 November 2001,No final meal request.
286, 14 November 2000,"2 Beef burritos, 2 pork chops, French fries (big order), jalapenos (a few)."
287, 14 November 1996,"Fried chicken, macaroni and tomatoes, mixed greens, pinto beans, sliced bread and milk."
288, 14 May 2009,"Six pieces of fried chicken with ketchup, three bacon cheeseburgers, six red Mountain Dews, a brownie, and french fries."
289, 14 May 2009,Deep-fried burritos and chocolate pudding.
290, 14 March 2001,"Po-boy sandwich, milk chocolate, Coke or Dr. Pepper and a cherry or apple pastry."
291, 14 March 1992,"Assortment of fried foods, including three pieces of chicken, two pork chops, a cheeseburger, 10 pieces of bacon, french fries, okra, green tomatoes and apple cobbler, served at 4pm."
292, 14 June 2006,"Two chicken-fried steaks, two fried chicken breasts, three fried pork chops, two hamburgers with lettuce, tomato, onion and salad dressing, four slices of bread, half a pound of fried potatoes with onion, half a pound of onion rings with ketchup, half a pan of chocolate cake with icing and two pitchers of milk."
293, 14 June 2001,"Fried chicken, french fries, onion rings, fried okra, jalapeno pepper and milk."
294, 14 June 2000,"Double cheeseburger, onion rings, French fries, vanilla milkshake, and a hot fudge sundae."
295, 14 July 2009,"Four hamburgers (almosted burned), potato fries (almost burned), mexican rice (almost burned), fresh onion, jalapenos, tomato, cheese, and salad dressing."
296, 14 January 2010,"Fried chicken, a pint of chocolate ice cream and coffee."
297, 14 January 2009,"Did not request a final meal and received the standard meal tray being served at the prison. The final meal consisted of a chili dog, tater tots, carrots, cole slaw, a slice of cake, and fruit punch."
298, 14 January 2004,"In the final hours before the execution, refused to eat breakfast and wasn't expected to eat dinner, either, prison officials said. Did not request a special last meal, saying he was fasting today."
299, 14 December 1999,Had no final meal request.
300, 14 August 2008,"Fried chicken, pork chops, a cheeseburger, breaded fried okra, french fries and brownies. "
301, 14 April 1998,"Hamburger (grilled, well done, seasoned with salt & pepper) on a real bun with mustard, mayonnaise, lettuce, tomato, onion and dill pickle, French fries with salt, fried onion rings, a bowl of chili without beans, a pint of vanilla ice cream and two 20oz. root beers. Ate everything “except a few of his French fries.” The inmate had been “… saving room for his last meal,” said the warden."
302, 14 April 1993,"1 bacon cheeseburger, 1 order onion rings, 1 order French fries, 1 pint Chocolate Chuck frozen custard, 1 piece pecan pie, 1 cherry limeade, and catsup."
303, 14 April 1988,"Six beef enchiladas with cheese and jalapenos, one bowl of rice, one bowl of beans, diced lettuce and tomato, four pieces of fried chicken with three biscuits, one bowl of mashed potatoes, one vanilla cake with vanilla icing, one double-bacon jalapeno cheeseburger with no onions and a side of fries, one pint of sherbert, two glasses of Mountain Dew and two glasses of cold milk."
304, 13 September 1995,"Fried chicken, fried okra, white cake with lemon icing and lemonade."
305, 13 October 1998,"Two fried chicken legs, two fried chicken thighs, macaroni and cheese, biscuits, peach cobbler and lemonade."
306, 13 October 1997,"Four pieces or fried chicken breast, two chicken fried steaks, 20 fried shrimps, four fried eggs with no yoke, two golden brown biscuits with butter and honey, two gallons of black coffee with cream and sugar and two hand size pieces of peanut brittle candy."
307, 13 November 1997,"Two spicy fried leg quarters, french fries and ketchup and two spicy fried pork chops."
308, 13 November 1996,No final meal request.
309, 13 May 2010,"Two double cheese burgers with everything, 2 baked potatoes with butter, large salad with ranch dressing, 1 pitcher of milk, any dessert, and 4 dinner rolls."
310, 13 May 2010,"Grilled cheeseburger, four fish patties, six hard boiled eggs and coffee."
311, 13 March 2003,Requested that final meal not be revealed to the public.
312, 13 June 2002,Made no request for a last meal and ate turkey and roast beef sandwiches.
313, 13 June 2001,No final meal request.
314, 13 July 2010,Had no final meal request.
315, 13 July 1998,"Four fried chicken thighs, french fries with ketchup and hot sauce on the side, peach cobbler, two pints of vanilla ice cream and orange juice."
316, 13 January 2011,"Fried chicken quarters, two dozen fried shrimp, two-and-half pounds of onion rings and fries, turkey salad with onion, peppers and cherry tomatoes with blue cheese dressing, salt, pepper and garlic powder, half-dozen soft onion rolls with assorted cheeses, chilled apple juice and milk (one of two executions this date)."
317, 13 January 1999,"Spam and cheese, a three-layer white icing cake, a salad, french fries and three bananas (two of two executions this date)."
318, 13 December 2005,"12 ounce T-bone steak (medium rare), Caesar salad, double order onion rings, 20 ounces of Diet Coke."
319, 13 April 1999,Requested that final meal not be revealed to the public.
320, 12 September 2007,"10 fried chicken legs, 10 chicken wings, mashed potatoes, greens, rice pudding, tea (very sweet) and banana pudding."
321, 12 September 2006,No final meal request. 
322, 12 October 2001,A final meal request of the Lord's Supper.
323, 12 November 2008,"Fried chicken (3 drumsticks & 3 thighs), 1 quart coleslaw, tea or juice, vanilla ice cream, 1 Dr. Pepper."
324, 12 May 2010,"Final meal request of a spicy fried chicken breast, grilled pork steak with grilled onions, a bacon cheeseburger with everything, a fresh garden salad with French dressing and French fries with ketchup. "
325, 12 March 2002,No final meal request.
326, 12 June 2002,No final meal request.
327, 12 July 2006,No final meal request.
328, 12 July 2001,"Chicken fried steak, mashed potatoes with gravy, fried okra, bread with butter, mixed fresh veggies, donuts, chocolate cake with icing and sweet tea."
329, 12 July 2000,"Fried chicken, sweet peas, a Dr Pepper, and apple pie for dessert. "
330, 12 January 2010,"Fried chicken, a cheese and onion omelets and chocolate cake."
331, 12 January 2000,"A variety of fresh fruit and vegetables, cheese, lunch meat, deviled eggs, six fried cheese-stuffed jalapenos, a chef salad with ranch dressing, onion rings, french fries, a cheeseburger, two fried chicken breasts, barbecue pork rolls, an omelet, milk and orange juice."
332, 12 February 2009,"2 large pizzas, a bucket of fried chicken, ice cream."
333, 12 February 2009,"Two bacon cheeseburgers with onions, two chili-cheese hot dogs with onions, French fries, two fudge nut brownies and sweet tea."
334, 12 December 2001,"Pizza (beef, bacon bits, cheese), 10 quesadillas (5 mozzarella cheese, 5 cheddar cheese), 5 strips of open-flame grilled beef, 5 strips of stir-fried beef, chocolate peanut butter ice cream, sweet tea, double fudge chocolate cake, broccoli, and grapes. "
335, 12 August 2010,"Pizza, Mountain Dew, and 2 bacon, lettuce, and tomato sandwiches."
336, 12 August 2008,"Boiled eggs, pork chops, fried chicken, tacos, fried okra, potato salad, french fries, bacon, baked potatoes, sour cream, sliced onions, jalapeno peppers, pickles, cabbage, tomatoes, and sprite soda."
337, 12 April 1999,No final meal request.
338, 11 May 2000,"Steak, asparagus, brussels sprouts, feta cheese, a soft drink, cake and watermelon."
339, 11 May 1994,"Four fried chicken legs and thigh quarters, macaroni and cheese, fried okra, jalapeno peppers, 10 flour tortillas and a six pack of cola."
340, 11 May 1994,"Final meal request of a medium rare 32-ounce steak, shrimp, salad and banana creme pie."
341, 11 March 2010,"Double-bacon cheeseburger, fries and a slice of cheesecake."
342, 11 June 2009,Breakfast food including fried eggs.
343, 11 June 2008,"Five pieces of fried chicken, one double meat hamburger with cheese and onion, onion rings, three cheese and onion enchiladas, one onion, french fries, hot sauce, pico de gallo, jalapeno peppers and two cokes."
344, 11 July 2006,"2 vanilla milkshakes, extra crispy French fries, extra crispy fried oysters, soft drinks."
345, 11 July 2001,"Fried chicken, french fries, lemon cake, root beer and Sprite. "
346, 11 January 2011,"Four pieces of fried chicken (dark meat), fried okra, french fries, salad with blue cheese, four hardboiled eggs with cheese, one pint butter pecan ice cream, two honey buns, two cokes."
347, 11 January 2001,"Frankfurters, French fries, American cheese, custard and chocolate cake with chocolate frosting, but refused to eat when meal was presented."
348, 11 February 2009,"Kraft Cheese & Macaroni, Beef Flavored Rice-A-Roni."
349, 11 December 2009,"Fried chicken, pizza and soda."
350, 11 December 2002,"Combination barbecue platter, with chicken, chopped brisket, ribs and hot links, barbecue sauce, a large order baked beans and extra bread. "
351, 11 December 2001,No final meal request.
352, 11 December 1997,"Two double-meat bacon burgers, bbq ribs, freedom fries, onion rings, root beer soda, banana split ice cream and peach cobbler."
353, 11 August 2006,"Chicken, 3 pieces of fish, burgers, pizza, fruit (grapes, plums, peaches, apples, tangerines), doughnuts, walnuts, chocolate candy bar, plain potato chips, picante sauce, hot sauce, salad with ranch dressing, Coke, and Sprite."
354, 10 September 2010,Four olives and a bottle of wild-berry flavored water.
355, 10 November 2009,Hamburger with cheese and jalapenos and a vanilla shake.
356, 10 November 2009,"Fried steak (well done), baked chicken with gravy, brown beans, pecan pie, cherry Kool-Aid."
357, 10 May 2002,"Chef salad with ranch dressing, 12 pieces of fried chicken, five jalapeno nachos with chili cheese, four fried eggs over easy, French fries, onion rings, six Cokes, 6 Big Reds, and ketchup."
358, 10 May 1995,No final meal request.
359, 10 March 2011,"Fried chicken (2 legs, 2 thighs), BBQ ribs, French fries, German chocolate cake, 2 bananas, Ice water, and Ketchup and BBQ sauce. "
360, 10 June 2010,"Two fried chicken quarters, two fried pork chops, one bowl of peaches, one order of fries and a salad. "
361, 10 July 2008,No final meal request.
362, 10 July 2008,Requested that final meal not be revealed to the public
363, 10 January 2007,"Steak, fried okra, french fries, strawberry ice cream and a Dr. Pepper."
364, 10 February 2009,"Turkey, potatoes and gravy, a salad and pumpkin pie."
365, 10 February 2000,"10 pieces of deep-fried jumbo shrimp, 2 pieces of garlic bread, 2 pieces of chicken (dark meat), one tossed salad with thousand island dressing, one chocolate milkshake."
366, 10 February 1998,"Cheeseburger, onion rings, a beef enchilada, tea, Coca-Cola, a whole onion, a whole tomato and lemon pie."
367, 10 December 1996,"2 double meat cheeseburgers (all the way), french fries, 3 beef skirt tacos, guacamole salad, salt, 2 fried chicken breasts."
368, 10 August 2010,"1 Bacon cheeseburger, 3 Pounder Pizza, and 1 banana malt."
369, 10 August 2000,"Six pieces of fried chicken with hot sauce, six jalapeno peppers, extra large french fries with ketchup and salt, for buttered rolls or biscuits, two large sprites and two cigarettes (menthol preferred)."
370, 10 April 2002,One cheeseburger.
371, 09 September 2010,"Soup, beef, toast and tea provided (one of three executions this date)."
372, 09 September 2004,"Fried chicken breasts, french fries, green beans and a plain chocolate brownie."
373, 09 October 2002,Cheese pizza and fried chicken tenders.
374, 09 November 2006,"Tray of french fries with salt, ketchup, 1 tray of nachos with cheese & jalapenos, 1 cheeseburger with mustard & everything, 1 pitcher of sweet tea."
375, 09 November 2000,"2 Arby's Roast Beef Sandwiches, fresh fries, 1 hamburger, Pepsi, and 1 pint chocolate ice cream."
376, 09 May 2007,"Mexican platter with all the works, 2 Classic Cokes, pickles, olives, Cookies 'n Cream ice cream."
377, 09 May 2002,"4 pieces of fried chicken, 2 Cokes."
378, 09 May 2000,One Honey Bun.
379, 09 March 1999,"Popcorn shrimp, hush puppies, french fries and a Coke."
380, 09 June 2010,"12 pieces of fried chicken, mashed potatoes with brown gravy, 2 rolls with butter, 2 Pepsi, 1 pint of strawberry ice cream, 1 pint of vanilla ice cream."
381, 09 June 2009,"Fried chicken, french fries, ketchup, 2 cheeseburgers (all the way), bag of potato chips, apple cobbler, white cake with white icing, pitcher of lemonade, pitcher of Sprite."
382, 09 January 2007,"Burritos w/ Spanish sauce, Spanish rice, creamed corn, tossed salad w/ dressing, peach crisp, iced tea."
383, 09 January 2007,"Two Wendy's Single Cheeseburgers with lettuce, tomato, mustard and ketchup, large fries, 1 Pepsi, large Frosty."
384, 09 January 2002,"12 pieces of chicken (thighs & drumsticks), 2 double-meat cheeseburgers on toasted buns, 1 large plate of brown french fries, ketchup, 2 large onions (cut in slices), 6 sweet pickles, salad dressing, 5 sliced jalapeno peppers, peach cobbler with extra crust, milk."
385, 09 January 2001,"6 pieces of fried chicken, potato salad with mustard, macaroni & cheese, 8 cinnamon rolls, 1 pint of vanilla ice cream, pitcher of milk, ketchup."
386, 09 January 2001,Ate very little in the days before the execution and did not make the traditional request for a last meal.
387, 09 February 2011,"Fried crappie, two large onions, large green salad, blue cheese or Roquefort cheese dressing, hush puppies, buttermilk."
388, 09 December 1999,"8 soft fried eggs (yellow runny), big bowl of grits, 5 biscuits with bowl of butter, 5 pieces of fried hard & crisp bacon, 2 sausage patties, pitcher of chocolate milk, 2 pts. vanilla Blue Bell ice cream, 2 bananas."
389, 09 August 2000,Mexican dish with all the fixings.
390, 09 August 2000,"6 scrambled eggs, hash browns with onions, 2 sausage patties, biscuits with butter, 2 pints of strawberry cheesecake yogurt, 2 pitchers of sweet milk, pint of strawberry ice cream."
391, 09 April 2003,"Fried pork chops and chicken, garlic toast and ice cream"
392, 08 September 1999,"Liver and onions, mashed potatoes & gravy, whole milk."
393, 08 September 1999,"3 fried chicken quarters, fried squash, fried egg plant (sic), mashed potatoes, snap peas, boiled cabbage, 3 buttered corn on the cob, spinach, broccoli with cheese, pint of caramel pecan fudge or Tin Roof ice cream, pitcher of sweet tea."
394, 08 October 2009,"1 dozen fried eggs, over easy, 1 loaf of bread, a bowl of salad dressing, french fries, 3 cartons of milk."
395, 08 November 2006,"Double meat cheeseburger (all the way with jalapenos), french fries, ketchup, 3 enchiladas, 3 tacos, banana pudding with real bananas, 2 Dr. Peppers, 1 apple, 1 Snicker bar."
396, 08 November 2000,"Barbecue chicken, rice & gravy, pinto beans, fresh early June peas, fresh squash, peaches, hot rolls, tea."
397, 08 May 2009,"Jar of polish pickles, small wedge of cheese, tossed salad with Italian dressing, cheeseburger with mayo (all the way), large order of french fries, ketchup, relish tray, pitcher of grape juice."
398, 08 June 2000,"8 soft fried eggs, bacon, sausage, 1 T-bone steak (well-done), 6 slices of buttered toast with strawberry jelly, pitcher of cold milk."
399, 08 July 1999,"2 grilled cheese sandwiches, french fries, ketchup, 2 boiled eggs, 2 cinnamon rolls with icing, 2 cans of grape juice, coffee."
400, 08 July 1998,"5 chicken patties, 10 slices of cheese, 5 hamburger buns (mustard on each side), 2 sliced pickles (whole), 2 bags of Doritos, 2 cokes, 1 pint of Tin Roof ice cream."
401, 08 January 1999,1 jar of dill pickles.
402, 08 January 1997,"3 beef enchiladas with onions, 3 cheese enchiladas with onions, Spanish rice, bowl of jalapenos, french fries, cheeseburger all the way, bowl of mayonnaise, bowl of ketchup, bowl of pico de gallo, 3 Dr. Peppers, pitcher of ice, banana split ice cream, 4 quesadillas."
403, 08 January 1997,"1 cheeseburger with American, cheddar, mozzarella cheese, no mayonnaise, mustard or onions, large french fries, bowl of macaroni & cheese, lasagna with 2 slices of garlic bread, 4 oz. of nacho cheese, 3 large cinnamon rolls, 5 scrambled eggs, 8 pints of chocolate milk."
404, 08 February 2001,"Shrimp fettuccini alfredo, salad, garlic bread, 1 slice of strawberry cheesecake, and iced tea sweetened with sugar."
405, 08 December 2009,"1 apple, 1 orange, 1 banana, coconut, and peaches."
406, 08 December 1999,No final meal request.
407, 08 August 2006,"Double meat cheeseburger (all the way), mayonnaise and mustard, French fries, 3 scrambled eggs, vanilla milkshake."
408, 08 August 2001,"Beef fajitas, spicy, beans, rice, flour tortillas, onions, tomatoes, avocado, banana split, orange juice (one of two executions this date)."
409, 08 August 1996,"2 double cheeseburgers (all the way with mayo and mustard), fries, fried chicken, well done, chocolate cake, onion rings, 1 pint vanilla ice cream, six pack of Sprite (two of two executions this date)."
410, 07 May 2001,"Four fried pork chops, collard greens with boiled okra and ""boiling meat"", fried corn, fried fatback, fried green tomatoes, cornbread, lemonade, one pint of strawberry ice cream and three glazed donuts."
411, 07 May 1992,"1/2 pound hamburger steak (well done), brown gravy, grilled onions, large order of deep french-fried fries, ketchup, 5 pieces of buttered grilled  toast, ice tea with real sugar, hot honey buns with melted butter on the side."
412, 07 March 2002,Requested that final meal not be revealed to the public.
413, 07 March 2001,"Enchiladas, burritos, chocolate ice cream, whole cantaloupe (spilt in half)."
414, 07 June 2000,"Fried chicken (2 thighs & wing), 1 pound of bacon, 16 ounce T-bone steak, Big Red, and coffee."
415, 07 January 2010,"After meal said, “No hot coffee? Then give me hot whiskey. I like that better anyway” (Last Words of the Executed, p. 111, by Robert Elder)."
416, 07 January 2010,"Lobster tail, butterfly shrimp, a baked potato, strawberry cheesecake and sweet tea. A prison official reported, ""He enjoyed his last meal. He ate every bite."""
417, 07 January 2010,"12 ounce T-bone steak, pork tenderloin sandwich, bacon, lettuce and tomato sandwich, French fries, orange juice, butter pecan ice cream."
418, 07 February 2007,"T-bone steak cooked medium well with A1 Steak Sauce; potato and cheese pirogies with chopped onions; baked potato with sour cream and butter; dinner rolls with butter; fresh broccoli; cauliflower, celery, carrots and cherry tomatoes with ranch dressing; strawberry milk; strawberry cheesecake."
419, 07 February 2006,"Fresh skinless fried chicken (5 breasts, 20 wings), carrot cake, white coconut cake, and cheesecake with cherry topping."
420, 07 February 2001,"1/2 dozen sunny side up fried eggs, 8 pieces of pan sausage, 6 slices of toast with butter and grape jelly, milk, and orange juice."
421, 07 December 2000,"Justice, equality, world peace."
422, 07 December 2000,Served fried chicken and watermelon (two of two  executions on this date: age 16).
423, 07 August 2008,1 cracker and grape juice.
424, 07 August 2003,"16 oz. top sirloin steak (medium rare), french fries, 1 dozen deep-fried butterfly shrimp, 1 whole cherry cheesecake, 1 case Pepsi, 1 pot coffee."
425, 07 April 1995,Requested that final meal not be revealed to the public
426, 06 October 2010,"McRib sandwich from McDonald's, a double cheeseburger from Wendy's, macaroni and cheese, cheesecake and a Pepsi."
427, 06 November 2008,2 large pepperoni pizzas and strawberry ice cream.
428, 06 November 2008,"2 breaded pork chops, 3 scrambled eggs, French fries, milk."
429, 06 November 2001,"1/2 lb. chitterlings, fried chicken (dark meat), 10 slices of bacon, 1 raw onion, fried shrimp, peach cobbler, 1 pitcher of milk."
430, 06 March 2007,"Grilled chicken salad with ranch dressing nachos and cheese with picante, Cookies 'n Cream ice cream, and 2 root beers."
431, 06 June 2007,"Fried catfish, fried chicken, French fries, onion rings, green salad, fresh carrots, and Coke."
432, 06 January 2011,"4 bacon, lettuce, and tomato sandwiches, iced tea, and potato chips."
433, 06 January 2000,"Four pieces of fried chicken, biscuits and gravy and milk."
434, 06 February 2002,Requested that final meal not be revealed to the public.
435, 06 December 2001,"Turkey with dressing, tossed salad with blue cheese dressing, strawberry cheesecake and a Coke."
436, 06 August 1997,Regular prison menu.
437, 06 April 1992,Pizza.
438, 05 September 2007,"Steak, potatoes, milk and coffee and a six-pack of beer; consumed only milk and coffee (his uncle claims to have smuggled in three small, 70ml Jack Daniel's whiskey shot bottles that were consumed)."
439, 05 November 2009,"Soup, beef, toast and tea provided (three of three executions this date)."
440, 05 May 2007,"Double cheeseburger, French fries with onions and cheese, baked potato with sour cream, cheese, and butter, 2 fried pork chops, 3 beef enchiladas, and chocolate cake."
441, 05 May 1999,"Kentucky Fried Chicken, mashed potatoes, biscuits, banana split, and pop."
442, 05 January 2012,"2 double meat cheeseburgers with all vegetables and bacon, French fries, 2 cans of Coke, 5 jalapeno peppers, 5 pieces of fried chicken (white/dark meat), 3 buttermilk biscuits, and a steak."
443, 05 January 1993,"Steak, lobster salad with blue cheese and thousand island dressing, baked potato with sour cream, strawberry cheesecake, 2 espressos."
444, 05 December 2008,Refused to make a last meal request.
445, 05 December 2000,Chicken in red sauce and some strawberry cake.
446, 05 August 2008,"Fried steak, fries, greens (Last supper poem by Robert Johnson describes steak diced into small squares and re-assembled)."
447, 05 August 2004,"Stay of execution. Ate what would have been a last meal - fried chicken, French fries and apple pie (executed 16 March 2000)."
448, 04 November 2010,"Chicken stir fry, a salad, cookies and an orange drink. He then told jail officials that he did not want the last meal he'd ordered."
449, 04 May 2006,"4 pieces of crispy fried chicken (2 thighs and 2 breasts), 4 fried pork chops (well done), 6 cheese enchiladas (2 beef, 2 cheese, 2 pork), 1 bowl of pico de gallo and a bottle of ketchup, onion rings, salad, 1 onion, 6 slices of white bread, 6 cold Cokes."
450, 04 March 2009,First  inmate not allowed a special meal. Served standard prison meal.
451, 04 February 2010,"Cheese pizza, a cheese omelet with sausage, green peppers and onions, and white cake with white icing."
452, 04 February 2009,"Shrimp, mushrooms and deep-fried onions appetizers, New York strip steak, a chicken breast, baked potato, salad, and 7-Up soft drink."
453, 04 February 2009,No final special meal request.
454, 04 February 1999,"BLT sandwich, berries with whipped cream, french fries, onion rings and a Dr Pepper."
455, 03 October 2001,"T-bone steak, well done with A-1 Steak sauce, baked potato, french fries, grape drink and chocolate cake."
456, 03 May 2007,"Two dozen jumbo fried shrimp with tarter sauce and ketchup, two large orders of fried onion rings and french fries, one raw regular onion, six pieces of garlic bread, two cold 32 oz. Cokes, two 32 oz. strawberry milkshakes (date unknown: granted stay and had a second identical final meal on 18 October 2006). "
457, 03 May 1996,Requested that final meal not be revealed to the public.
458, 03 March 2009,Requested that final meal not be revealed to the public
459, 03 March 1999,"No request. Offered same dinner served yesterday to all inmates: sloppy joes, boiled potatoes, corn, and chocolate cake."
460, 03 March 1993,"Fried rice, bananas, boiled eggs and wheat bread."
461, 03 June 2009,"Chose nothing special. Served standard prison fare of baked chicken, rice and carrots. Ate only chicken."
462, 03 June 1998,"Made no special request for a last meal and was served what the other inmates had: Salisbury steak, steamed rice, brown gravy, tossed salad, sliced bread, gingerbread cake with lemon sauce, fruit punch and milk."
463, 03 February 1999,"Fried won ton, Hong tea beef, Thai sweet and sour chicken, chicken fried rice, 3 bananas, 1 orange, 1 apple, sliced fruit, 1 water pitcher, 1 container Thai hot sauce, tea."
464, 03 December 2009,"Pepper steak, macaroni and cheese, biscuits, vanilla cake and tea."
465, 03 August 2006,"Stay of execution. Ate what would have been a last meal of oven-fried chicken, rice pilaf, a cucumber and onion salad, and bread and margarine."
466, 03 August 1994,Requested that final meal not be revealed to the public.
467, 03 August 1994,"Regular prison menu: Hot dog with mustard and onions, oven-browned potatoes, cole-slaw and watermelon."
468, 03 August 1994,"2 grilled cheese sandwiches, pint of cottage cheese, hominy, piece of peach pie, pint of chocolate ice cream, radishes."
469, 03 April 2001,"Final meal of pizza pockets, ice cream, iced oatmeal cookies and milk."
470, 02 May 2006,Declined.
471, 02 May 2000,Requested that final meal not be revealed to the public.
472, 02 March 2010,"Fried shrimp, baked potato, a pint of chocolate ice cream, and 2 soft drinks."
473, 02 June 2010,"Vegetarian pizza, fried chicken breasts, a cheeseburger, fries, and chocolate pudding."
474, 02 June 2009,"Vegetarian pizza, french fries, yellow cake with chocolate frosting, and iced tea."
475, 02 December 2009,"Fish, fries, soda."
476, 01 September 1999,"Fried chicken, French fries with ketchup, corn, dinner rolls and butter, apple pie."
477, 01 November 2006,No final meal request.
478, 01 November 2000,"Ten chili cheese enchiladas, a cheese pizza, one cheeseburger and sweet tea."
479, 01 May 2001,"Pizza, a cheeseburger, french fries and apple pie."
480, 01 March 2001,"Fried chicken, fried turkey, steak, a baked potato with sour cream and butter, a tossed salad, cranberry sauce, ketchup and peach cobbler."
481, 01 March 2000,"Declined the traditional offer of a special last meal. Served what the other inmates were fed: bread, beef patties, au gratin potatoes, gravy, string beans, chilled fruit and beverage."
482, 01 June 2006,Asked for a bottle of Dom Perignon (didn’t receive it).
483, 01 July 2010,Requested that final meal not be revealed to the public.
484, 01 February 2001,Declined a last meal.
485, 14 January 2009,"Soup, beef, toast and tea provided (two of three executions this date). "
486,19-Nov-09,Declined a last meal.
487,11-Jul-07,"French fries with lots of ketchup, tossed salad with French dressing, a cheeseburger with mayonnaise and tomato, Saltine crackers and apple pie."
488,18-Apr-06,"Sausage pizza, french fries and cherry pie."
489,26-Mar-04,Requested that final meal not be revealed to the public.
490,18-Mar-03,A full meal of enchiladas.
491,06-Nov-01,Raisin bagels and coffee (DOC record for same inmate as preceding page).
492,15-Oct-99,"Fifteen enchiladas heavy with cheese and onions, onion rings or fries, eight pieces fried chicken and eight pieces bbq chicken, eight whole peppers, ten hard shell tacos with plenty of meat, cheese, onions and sauce, four double meat-double cheese-double bacon burgers, a boneless T-bone steak with A1 Steak Sauce and a pan of peach cobbler."
493,01-Jul-97,Made no special request for a last meal. Had been fasting and refused to eat at all.
494,06-Sep-96,"Double cheeseburger (all the way), fries."
495,17-Jul-96,"Pizza, apple pie, and Root Beer. "
496,26-Jan-96,"Combination pizza, corn, jellied fruit salad, french fries, ice cream, chocolate...clair."
497,02-May-95,Had no final meal request.
498,06-Jan-94,"Salmon, potatoes, vegetable, green salad, desert."
499,17-Jan-77,"Barbecue ribs, chopped beef, hot links, baked beans, plain potato chips, coconut doughnuts and chocolate milk."
500,15-Aug-63,"Whole fruit: nectarines, peaches and plums."